{
    "train_loss": [
        3.5273101580770394,
        1.4110547178669979,
        0.9026579158870798,
        0.6791830140435579,
        0.48197975744934457,
        0.806826251687629,
        0.44927490383423374,
        0.34389357753159283,
        0.17155557027964327,
        0.1754497735313826,
        0.11584234093989883,
        0.06203690847982407,
        0.016691183469758567,
        0.002957357246965617,
        0.007174394096325973,
        0.08600465757845804,
        0.008626643286046792,
        0.0471891136564744,
        0.019347028834030618,
        0.05369457895762695,
        0.04673180338058477,
        0.4237677741536907,
        0.2933832900460785,
        0.20009625429033326,
        0.6553205874203597
    ],
    "val_loss": [
        2.068035753149735,
        3.1051278114318848,
        1.5461268801438182,
        1.9708053171634674,
        1.0722016326433637,
        3.546191560594659,
        1.6268154868954106,
        2.2431574181506506,
        1.3582341420023065,
        1.0669164241928804,
        0.9070451761546888,
        0.8733310455603427,
        0.7790349341536823,
        0.7244422621044674,
        0.6030732122691054,
        0.5789292297865215,
        1.0363811882408827,
        0.6487878827672255,
        0.9336376645063099,
        0.4082328582084493,
        1.2007442383389724,
        0.7428308944953116,
        1.9768950201963122,
        1.0128608628323204,
        1.3861423966131712
    ],
    "train_acc": [
        0.5855263157894737,
        0.743421052631579,
        0.881578947368421,
        0.868421052631579,
        0.9144736842105263,
        0.9078947368421053,
        0.9276315789473685,
        0.9342105263157895,
        0.9736842105263158,
        0.9473684210526315,
        0.9605263157894737,
        0.9802631578947368,
        0.993421052631579,
        1.0,
        1.0,
        0.9736842105263158,
        1.0,
        0.9868421052631579,
        0.9868421052631579,
        0.9868421052631579,
        0.9868421052631579,
        0.9473684210526315,
        0.9342105263157895,
        0.9539473684210527,
        0.8947368421052632
    ],
    "val_acc": [
        0.7368421052631579,
        0.7105263157894737,
        0.7894736842105263,
        0.7631578947368421,
        0.8421052631578947,
        0.5789473684210527,
        0.7631578947368421,
        0.6842105263157895,
        0.7105263157894737,
        0.7368421052631579,
        0.8157894736842105,
        0.8157894736842105,
        0.7894736842105263,
        0.8421052631578947,
        0.7894736842105263,
        0.8421052631578947,
        0.7631578947368421,
        0.7894736842105263,
        0.8421052631578947,
        0.868421052631579,
        0.631578947368421,
        0.7894736842105263,
        0.7105263157894737,
        0.7631578947368421,
        0.7894736842105263
    ]
}