{
    "Negative": {
        "precision": 0.9560439560439561,
        "recall": 0.9456521739130435,
        "f1-score": 0.9508196721311475,
        "support": 92.0
    },
    "Positive": {
        "precision": 0.9494949494949495,
        "recall": 0.9591836734693877,
        "f1-score": 0.9543147208121827,
        "support": 98.0
    },
    "accuracy": 0.9526315789473684,
    "macro avg": {
        "precision": 0.9527694527694528,
        "recall": 0.9524179236912156,
        "f1-score": 0.9525671964716651,
        "support": 190.0
    },
    "weighted avg": {
        "precision": 0.9526660474028894,
        "recall": 0.9526315789473684,
        "f1-score": 0.9526223814508392,
        "support": 190.0
    }
}