{
    "accuracy": 0.952631573933518,
    "sensitivity": 0.9591836636817994,
    "sensitivity_ci": [
        0.899710291844833,
        0.9840150039246041
    ],
    "specificity": 0.9456521636342157,
    "specificity_ci": [
        0.8790130758669925,
        0.976565275378142
    ],
    "negative_predictive_value": 0.9560439455379787,
    "npv_ci": [
        0.8923674705185602,
        0.9827759063109336
    ]
}